{"cameraMode":{"drawMode":0,"name":"Shaded","section":"Shading Mode"},"sceneLighting":true,"audioPlay":false,"sceneViewState":{"m_AlwaysRefresh":false,"showFog":true,"showSkybox":true,"showFlares":true,"showImageEffects":true,"showParticleSystems":true,"showVisualEffectGraphs":true,"m_FxEnabled":true},"in2DMode":false,"pivot":{"x":-85.25505065917969,"y":-60.02476501464844,"z":-607.0430297851563},"rotation":{"x":-0.0021115087438374759,"y":0.9979500770568848,"z":-0.04867490008473396,"w":-0.044187985360622409},"size":313.26007080078127,"orthographic":false}